{
  "1a-0-basic" : {"points":2, "question_id":"1a", "is_written":false, "is_coding":true, "is_online":false, "is_extra_credit":false},
  "1a-1-hidden" : {"points":3, "question_id":"1a", "is_written":false, "is_coding":true, "is_online":false, "is_extra_credit":false},
  "1b-0-hidden" : {"points":5, "question_id":"1bi", "is_written":false, "is_coding":true, "is_online":false, "is_extra_credit":false},
  "1b" : {"points":2, "question_id":"1bii", "is_written":true, "is_coding":false, "is_extra_credit":false},
  "1c" : {"points":2, "question_id":"1c", "is_written":true, "is_coding":false, "is_extra_credit":false},
  "1d" : {"points":2, "question_id":"1d", "is_written":true, "is_coding":false, "is_extra_credit":false},
  "2a-0-basic" : {"points":2, "question_id":"2a", "is_written":false, "is_coding":true, "is_online":false, "is_extra_credit":false},
  "2a-1-hidden" : {"points":2, "question_id":"2a", "is_written":false, "is_coding":true, "is_online":false, "is_extra_credit":false},
  "2a-2-basic" : {"points":2, "question_id":"2a", "is_written":false, "is_coding":true, "is_online":false, "is_extra_credit":false},
  "2a-3-hidden" : {"points":2, "question_id":"2a", "is_written":false, "is_coding":true, "is_online":false, "is_extra_credit":false},
  "2b-0-hidden" : {"points":5, "question_id":"2bi", "is_written":false, "is_coding":true, "is_online":false, "is_extra_credit":false},
  "2b" : {"points":2, "question_id":"2bii", "is_written":true, "is_coding":false, "is_extra_credit":false},
  "2c-0-hidden" : {"points":5, "question_id":"2ci", "is_written":false, "is_coding":true, "is_online":false, "is_extra_credit":false},
  "2c" : {"points":2, "question_id":"2cii", "is_written":true, "is_coding":false, "is_extra_credit":false},
  "3a-0-basic" : {"points":2, "question_id":"3a", "is_written":false, "is_coding":true, "is_online":false, "is_extra_credit":false},
  "3a-1-hidden" : {"points":3, "question_id":"3a", "is_written":false, "is_coding":true, "is_online":false, "is_extra_credit":false},
  "3b" : {"points":2, "question_id":"3b", "is_written":true, "is_coding":false, "is_extra_credit":false},
  "3c-0-basic" : {"points":2, "question_id":"3c", "is_written":false, "is_coding":true, "is_online":false, "is_extra_credit":false},
  "3c-1-hidden" : {"points":2, "question_id":"3c", "is_written":false, "is_coding":true, "is_online":false, "is_extra_credit":false},
  "3c-2-hidden" : {"points":2, "question_id":"3c", "is_written":false, "is_coding":true, "is_online":false, "is_extra_credit":false},
  "3c-3-basic" : {"points":2, "question_id":"3c", "is_written":false, "is_coding":true, "is_online":false, "is_extra_credit":false},
  "3c-4-basic" : {"points":2, "question_id":"3c", "is_written":false, "is_coding":true, "is_online":false, "is_extra_credit":false},
  "3c-5-hidden" : {"points":2, "question_id":"3c", "is_written":false, "is_coding":true, "is_online":false, "is_extra_credit":false},
  "3d-0-hidden" : {"points":5, "question_id":"3di", "is_written":false, "is_coding":true, "is_online":false, "is_extra_credit":false},
  "3d" : {"points":2, "question_id":"3dii", "is_written":true, "is_coding":false, "is_extra_credit":false},
  "4a" : {"points":2, "question_id":"4a", "is_written":true, "is_coding":false, "is_extra_credit":false},
  "4b" : {"points":2, "question_id":"4b", "is_written":true, "is_coding":false, "is_extra_credit":false},
  "4c" : {"points":5, "question_id":"4c", "is_written":true, "is_coding":false, "is_extra_credit":true}
}
